condition,title,family,seed,backend,alpha,is_slippery,episodes,final_eval_success,best_eval_success,final_smoothed_reward,mean_reward,convergence_episode
exp1,Exp1 Deterministic Baseline,baseline,0,native,0.1,False,5000,1.0,1.0,0.98,0.9418,500
exp1,Exp1 Deterministic Baseline,baseline,1,native,0.1,False,5000,1.0,1.0,0.9949999999999999,0.915,500
exp1,Exp1 Deterministic Baseline,baseline,2,native,0.1,False,5000,1.0,1.0,0.9849999999999999,0.9098,500
exp1,Exp1 Deterministic Baseline,baseline,3,native,0.1,False,5000,1.0,1.0,0.98,0.9424,500
exp1,Exp1 Deterministic Baseline,baseline,4,native,0.1,False,5000,1.0,1.0,0.9899999999999999,0.9494,500
exp2,Exp2 Stochastic Baseline,baseline,0,native,0.1,True,5000,0.68,0.73,0.67,0.5902,1000
exp2,Exp2 Stochastic Baseline,baseline,1,native,0.1,True,5000,0.19,0.27,0.14,0.1184,
exp2,Exp2 Stochastic Baseline,baseline,2,native,0.1,True,5000,0.12,0.19,0.14500000000000002,0.1092,
exp2,Exp2 Stochastic Baseline,baseline,3,native,0.1,True,5000,0.73,0.73,0.6200000000000001,0.4588,5000
exp2,Exp2 Stochastic Baseline,baseline,4,native,0.1,True,5000,0.51,0.56,0.56,0.3674,
exp3_alpha_0.01,Exp3 Alpha 0.01,alpha,0,native,0.01,True,5000,0.07,0.12,0.09,0.071,
exp3_alpha_0.01,Exp3 Alpha 0.01,alpha,1,native,0.01,True,5000,0.04,0.08,0.055,0.0506,
exp3_alpha_0.01,Exp3 Alpha 0.01,alpha,2,native,0.01,True,5000,0.08,0.12,0.05,0.0656,
exp3_alpha_0.01,Exp3 Alpha 0.01,alpha,3,native,0.01,True,5000,0.07,0.1,0.045,0.0508,
exp3_alpha_0.01,Exp3 Alpha 0.01,alpha,4,native,0.01,True,5000,0.03,0.05,0.03,0.0342,
exp3_alpha_0.10,Exp3 Alpha 0.10,alpha,0,native,0.1,True,5000,0.68,0.73,0.67,0.5902,1000
exp3_alpha_0.10,Exp3 Alpha 0.10,alpha,1,native,0.1,True,5000,0.19,0.27,0.14,0.1184,
exp3_alpha_0.10,Exp3 Alpha 0.10,alpha,2,native,0.1,True,5000,0.12,0.19,0.14500000000000002,0.1092,
exp3_alpha_0.10,Exp3 Alpha 0.10,alpha,3,native,0.1,True,5000,0.73,0.73,0.6200000000000001,0.4588,5000
exp3_alpha_0.10,Exp3 Alpha 0.10,alpha,4,native,0.1,True,5000,0.51,0.56,0.56,0.3674,
exp3_alpha_0.50,Exp3 Alpha 0.50,alpha,0,native,0.5,True,5000,0.58,0.78,0.63,0.5586,1500
exp3_alpha_0.50,Exp3 Alpha 0.50,alpha,1,native,0.5,True,5000,0.64,0.77,0.64,0.5456,500
exp3_alpha_0.50,Exp3 Alpha 0.50,alpha,2,native,0.5,True,5000,0.0,0.75,0.65,0.5486,500
exp3_alpha_0.50,Exp3 Alpha 0.50,alpha,3,native,0.5,True,5000,0.0,0.75,0.5750000000000001,0.567,500
exp3_alpha_0.50,Exp3 Alpha 0.50,alpha,4,native,0.5,True,5000,0.0,0.76,0.495,0.546,2000
exp4_random,Exp4 Random Policy,policy,0,native,0.1,True,5000,0.73,0.73,0.01,0.0136,3500
exp4_random,Exp4 Random Policy,policy,1,native,0.1,True,5000,0.59,0.7,0.03,0.0134,2500
exp4_random,Exp4 Random Policy,policy,2,native,0.1,True,5000,0.73,0.73,0.015,0.0136,3000
exp4_random,Exp4 Random Policy,policy,3,native,0.1,True,5000,0.71,0.71,0.01,0.0136,3500
exp4_random,Exp4 Random Policy,policy,4,native,0.1,True,5000,0.59,0.72,0.005,0.013,3500
exp4_epsilon,Exp4 Epsilon-Greedy,policy,0,native,0.1,True,5000,0.68,0.73,0.67,0.5902,1000
exp4_epsilon,Exp4 Epsilon-Greedy,policy,1,native,0.1,True,5000,0.19,0.27,0.14,0.1184,
exp4_epsilon,Exp4 Epsilon-Greedy,policy,2,native,0.1,True,5000,0.12,0.19,0.14500000000000002,0.1092,
exp4_epsilon,Exp4 Epsilon-Greedy,policy,3,native,0.1,True,5000,0.73,0.73,0.6200000000000001,0.4588,5000
exp4_epsilon,Exp4 Epsilon-Greedy,policy,4,native,0.1,True,5000,0.51,0.56,0.56,0.3674,
exp4_ucb,Exp4 UCB,policy,0,native,0.1,True,5000,0.65,0.68,0.03,0.2052,2000
exp4_ucb,Exp4 UCB,policy,1,native,0.1,True,5000,0.5,0.72,0.54,0.2672,1500
exp4_ucb,Exp4 UCB,policy,2,native,0.1,True,5000,0.43,0.75,0.05,0.0958,1000
exp4_ucb,Exp4 UCB,policy,3,native,0.1,True,5000,0.38,0.7,0.16499999999999998,0.1922,1500
exp4_ucb,Exp4 UCB,policy,4,native,0.1,True,5000,0.67,0.75,0.16,0.2502,1000
exp4_boltzmann,Exp4 Boltzmann,policy,0,native,0.1,True,5000,0.45,0.51,0.45000000000000007,0.355,
exp4_boltzmann,Exp4 Boltzmann,policy,1,native,0.1,True,5000,0.34,0.34,0.325,0.2458,
exp4_boltzmann,Exp4 Boltzmann,policy,2,native,0.1,True,5000,0.64,0.68,0.53,0.4774,4000
exp4_boltzmann,Exp4 Boltzmann,policy,3,native,0.1,True,5000,0.53,0.6,0.62,0.4848,
exp4_boltzmann,Exp4 Boltzmann,policy,4,native,0.1,True,5000,0.73,0.77,0.7649999999999999,0.4894,2500
exp5_5x5_det,Exp5 5x5 Deterministic,map_scale,0,native,0.1,False,5000,1.0,1.0,0.965,0.9252,500
exp5_5x5_det,Exp5 5x5 Deterministic,map_scale,1,native,0.1,False,5000,1.0,1.0,0.975,0.806,1000
exp5_5x5_det,Exp5 5x5 Deterministic,map_scale,2,native,0.1,False,5000,1.0,1.0,0.975,0.5852,2500
exp5_5x5_det,Exp5 5x5 Deterministic,map_scale,3,native,0.1,False,5000,1.0,1.0,0.985,0.5648,2500
exp5_5x5_det,Exp5 5x5 Deterministic,map_scale,4,native,0.1,False,5000,1.0,1.0,0.9949999999999999,0.9216,500
exp5_5x5_sto,Exp5 5x5 Stochastic,map_scale,0,native,0.1,True,5000,0.08,0.08,0.08,0.0278,
exp5_5x5_sto,Exp5 5x5 Stochastic,map_scale,1,native,0.1,True,5000,0.07,0.07,0.07,0.0332,
exp5_5x5_sto,Exp5 5x5 Stochastic,map_scale,2,native,0.1,True,5000,0.07,0.2,0.065,0.069,
exp5_5x5_sto,Exp5 5x5 Stochastic,map_scale,3,native,0.1,True,5000,0.09,0.12,0.1,0.0784,
exp5_5x5_sto,Exp5 5x5 Stochastic,map_scale,4,native,0.1,True,5000,0.11,0.15,0.1,0.0428,
exp5_6x6_det,Exp5 6x6 Deterministic,map_scale,0,native,0.1,False,5000,1.0,1.0,0.99,0.4972,2500
exp5_6x6_det,Exp5 6x6 Deterministic,map_scale,1,native,0.1,False,5000,1.0,1.0,0.9849999999999999,0.645,2000
exp5_6x6_det,Exp5 6x6 Deterministic,map_scale,2,native,0.1,False,5000,1.0,1.0,0.99,0.0476,5000
exp5_6x6_det,Exp5 6x6 Deterministic,map_scale,3,native,0.1,False,5000,1.0,1.0,0.9949999999999999,0.6806,2000
exp5_6x6_det,Exp5 6x6 Deterministic,map_scale,4,native,0.1,False,5000,1.0,1.0,0.9999999999999999,0.2958,4000
exp5_6x6_sto,Exp5 6x6 Stochastic,map_scale,0,native,0.1,True,5000,0.0,0.02,0.0,0.0024,
exp5_6x6_sto,Exp5 6x6 Stochastic,map_scale,1,native,0.1,True,5000,0.01,0.02,0.015,0.0096,
exp5_6x6_sto,Exp5 6x6 Stochastic,map_scale,2,native,0.1,True,5000,0.0,0.01,0.005,0.0028,
exp5_6x6_sto,Exp5 6x6 Stochastic,map_scale,3,native,0.1,True,5000,0.0,0.01,0.005,0.003,
exp5_6x6_sto,Exp5 6x6 Stochastic,map_scale,4,native,0.1,True,5000,0.04,0.04,0.02,0.012,
exp6_5x5_map0,Exp6 5x5 Map 0,map_pool,0,native,0.1,True,5000,0.08,0.08,0.08,0.0278,
exp6_5x5_map1,Exp6 5x5 Map 1,map_pool,0,native,0.1,True,5000,0.54,0.54,0.6200000000000001,0.2366,
exp6_5x5_map2,Exp6 5x5 Map 2,map_pool,0,native,0.1,True,5000,0.96,0.96,0.9149999999999999,0.678,1000
exp6_5x5_map3,Exp6 5x5 Map 3,map_pool,0,native,0.1,True,5000,0.39,0.45,0.375,0.262,
exp6_5x5_map4,Exp6 5x5 Map 4,map_pool,0,native,0.1,True,5000,0.96,0.98,0.9099999999999999,0.8856,500
exp6_5x5_map5,Exp6 5x5 Map 5,map_pool,0,native,0.1,True,5000,0.13,0.15,0.085,0.03,
exp6_5x5_map6,Exp6 5x5 Map 6,map_pool,0,native,0.1,True,5000,0.84,0.84,0.7749999999999999,0.3972,2500
exp6_5x5_map7,Exp6 5x5 Map 7,map_pool,0,native,0.1,True,5000,0.88,0.89,0.7999999999999999,0.6656,1500
exp6_5x5_map8,Exp6 5x5 Map 8,map_pool,0,native,0.1,True,5000,0.3,0.35,0.34500000000000003,0.1666,
exp6_5x5_map9,Exp6 5x5 Map 9,map_pool,0,native,0.1,True,5000,1.0,1.0,0.96,0.9092,500
exp6_6x6_map0,Exp6 6x6 Map 0,map_pool,0,native,0.1,True,5000,0.0,0.02,0.0,0.0024,
exp6_6x6_map1,Exp6 6x6 Map 1,map_pool,0,native,0.1,True,5000,0.19,0.19,0.22,0.1088,
exp6_6x6_map2,Exp6 6x6 Map 2,map_pool,0,native,0.1,True,5000,0.0,0.03,0.025,0.0066,
exp6_6x6_map3,Exp6 6x6 Map 3,map_pool,0,native,0.1,True,5000,0.11,0.11,0.049999999999999996,0.0272,
exp6_6x6_map4,Exp6 6x6 Map 4,map_pool,0,native,0.1,True,5000,0.83,0.83,0.725,0.4642,3500
exp6_6x6_map5,Exp6 6x6 Map 5,map_pool,0,native,0.1,True,5000,0.15,0.15,0.175,0.0328,
exp6_6x6_map6,Exp6 6x6 Map 6,map_pool,0,native,0.1,True,5000,0.0,0.04,0.005,0.0026,
exp6_6x6_map7,Exp6 6x6 Map 7,map_pool,0,native,0.1,True,5000,0.04,0.05,0.035,0.0186,
exp6_6x6_map8,Exp6 6x6 Map 8,map_pool,0,native,0.1,True,5000,0.0,0.0,0.0,0.0002,
exp6_6x6_map9,Exp6 6x6 Map 9,map_pool,0,native,0.1,True,5000,0.22,0.3,0.25,0.1654,
exp7_4x4_std,Exp7 4x4 Standard Q,algo,0,native,0.1,True,5000,0.68,0.73,0.67,0.5902,1000
exp7_4x4_std,Exp7 4x4 Standard Q,algo,1,native,0.1,True,5000,0.19,0.27,0.14,0.1184,
exp7_4x4_std,Exp7 4x4 Standard Q,algo,2,native,0.1,True,5000,0.12,0.19,0.14500000000000002,0.1092,
exp7_4x4_std,Exp7 4x4 Standard Q,algo,3,native,0.1,True,5000,0.73,0.73,0.6200000000000001,0.4588,5000
exp7_4x4_std,Exp7 4x4 Standard Q,algo,4,native,0.1,True,5000,0.51,0.56,0.56,0.3674,
exp7_4x4_double,Exp7 4x4 Double Q,algo,0,native,0.1,True,5000,0.0,0.04,0.02,0.0168,
exp7_4x4_double,Exp7 4x4 Double Q,algo,1,native,0.1,True,5000,0.02,0.03,0.025,0.015,
exp7_4x4_double,Exp7 4x4 Double Q,algo,2,native,0.1,True,5000,0.09,0.09,0.09,0.0348,
exp7_4x4_double,Exp7 4x4 Double Q,algo,3,native,0.1,True,5000,0.08,0.08,0.07,0.0496,
exp7_4x4_double,Exp7 4x4 Double Q,algo,4,native,0.1,True,5000,0.13,0.17,0.14500000000000002,0.0818,
exp7_6x6_std,Exp7 6x6 Standard Q,algo,0,native,0.1,True,5000,0.0,0.02,0.0,0.0024,
exp7_6x6_std,Exp7 6x6 Standard Q,algo,1,native,0.1,True,5000,0.01,0.02,0.015,0.0096,
exp7_6x6_std,Exp7 6x6 Standard Q,algo,2,native,0.1,True,5000,0.0,0.01,0.005,0.0028,
exp7_6x6_std,Exp7 6x6 Standard Q,algo,3,native,0.1,True,5000,0.0,0.01,0.005,0.003,
exp7_6x6_std,Exp7 6x6 Standard Q,algo,4,native,0.1,True,5000,0.04,0.04,0.02,0.012,
exp7_6x6_double,Exp7 6x6 Double Q,algo,0,native,0.1,True,5000,0.01,0.01,0.0,0.0004,
exp7_6x6_double,Exp7 6x6 Double Q,algo,1,native,0.1,True,5000,0.0,0.02,0.005,0.0008,
exp7_6x6_double,Exp7 6x6 Double Q,algo,2,native,0.1,True,5000,0.0,0.01,0.0,0.001,
exp7_6x6_double,Exp7 6x6 Double Q,algo,3,native,0.1,True,5000,0.0,0.0,0.0,0.0022,
exp7_6x6_double,Exp7 6x6 Double Q,algo,4,native,0.1,True,5000,0.0,0.0,0.0,0.0006,
exp8_4x4_base,Exp8 4x4 Base,shaping,0,native,0.1,True,5000,0.68,0.73,0.67,0.5902,1000
exp8_4x4_base,Exp8 4x4 Base,shaping,1,native,0.1,True,5000,0.19,0.27,0.14,0.1184,
exp8_4x4_base,Exp8 4x4 Base,shaping,2,native,0.1,True,5000,0.12,0.19,0.14500000000000002,0.1092,
exp8_4x4_base,Exp8 4x4 Base,shaping,3,native,0.1,True,5000,0.73,0.73,0.6200000000000001,0.4588,5000
exp8_4x4_base,Exp8 4x4 Base,shaping,4,native,0.1,True,5000,0.51,0.56,0.56,0.3674,
exp8_4x4_step,Exp8 4x4 Step,shaping,0,native,0.1,True,5000,0.05,0.07,0.07,0.0568,
exp8_4x4_step,Exp8 4x4 Step,shaping,1,native,0.1,True,5000,0.06,0.07,0.05,0.0422,
exp8_4x4_step,Exp8 4x4 Step,shaping,2,native,0.1,True,5000,0.04,0.07,0.04,0.035,
exp8_4x4_step,Exp8 4x4 Step,shaping,3,native,0.1,True,5000,0.01,0.07,0.04,0.0356,
exp8_4x4_step,Exp8 4x4 Step,shaping,4,native,0.1,True,5000,0.02,0.06,0.02,0.0258,
exp8_4x4_pot,Exp8 4x4 Pot,shaping,0,native,0.1,True,5000,0.68,0.74,0.6900000000000001,0.5044,2500
exp8_4x4_pot,Exp8 4x4 Pot,shaping,1,native,0.1,True,5000,0.68,0.68,0.71,0.302,5000
exp8_4x4_pot,Exp8 4x4 Pot,shaping,2,native,0.1,True,5000,0.71,0.71,0.715,0.2812,5000
exp8_4x4_pot,Exp8 4x4 Pot,shaping,3,native,0.1,True,5000,0.0,0.15,0.0,0.0464,
exp8_4x4_pot,Exp8 4x4 Pot,shaping,4,native,0.1,True,5000,0.7,0.72,0.715,0.5644,1000
exp8_4x4_both,Exp8 4x4 Both,shaping,0,native,0.1,True,5000,0.67,0.75,0.715,0.5562,2000
exp8_4x4_both,Exp8 4x4 Both,shaping,1,native,0.1,True,5000,0.68,0.71,0.6799999999999999,0.4934,2500
exp8_4x4_both,Exp8 4x4 Both,shaping,2,native,0.1,True,5000,0.52,0.52,0.42000000000000004,0.1362,
exp8_4x4_both,Exp8 4x4 Both,shaping,3,native,0.1,True,5000,0.5,0.57,0.6,0.2876,
exp8_4x4_both,Exp8 4x4 Both,shaping,4,native,0.1,True,5000,0.64,0.69,0.525,0.233,4000
exp8_6x6_base,Exp8 6x6 Base,shaping,0,native,0.1,True,5000,0.0,0.02,0.0,0.0024,
exp8_6x6_base,Exp8 6x6 Base,shaping,1,native,0.1,True,5000,0.01,0.02,0.015,0.0096,
exp8_6x6_base,Exp8 6x6 Base,shaping,2,native,0.1,True,5000,0.0,0.01,0.005,0.0028,
exp8_6x6_base,Exp8 6x6 Base,shaping,3,native,0.1,True,5000,0.0,0.01,0.005,0.003,
exp8_6x6_base,Exp8 6x6 Base,shaping,4,native,0.1,True,5000,0.04,0.04,0.02,0.012,
exp8_6x6_step,Exp8 6x6 Step,shaping,0,native,0.1,True,5000,0.0,0.01,0.005,0.0022,
exp8_6x6_step,Exp8 6x6 Step,shaping,1,native,0.1,True,5000,0.0,0.0,0.0,0.0012,
exp8_6x6_step,Exp8 6x6 Step,shaping,2,native,0.1,True,5000,0.0,0.0,0.0,0.001,
exp8_6x6_step,Exp8 6x6 Step,shaping,3,native,0.1,True,5000,0.0,0.02,0.0,0.002,
exp8_6x6_step,Exp8 6x6 Step,shaping,4,native,0.1,True,5000,0.01,0.01,0.0,0.0006,
exp8_6x6_pot,Exp8 6x6 Pot,shaping,0,native,0.1,True,5000,0.03,0.04,0.030000000000000002,0.0164,
exp8_6x6_pot,Exp8 6x6 Pot,shaping,1,native,0.1,True,5000,0.05,0.1,0.035,0.0284,
exp8_6x6_pot,Exp8 6x6 Pot,shaping,2,native,0.1,True,5000,0.07,0.15,0.14,0.1006,
exp8_6x6_pot,Exp8 6x6 Pot,shaping,3,native,0.1,True,5000,0.05,0.07,0.05,0.0432,
exp8_6x6_pot,Exp8 6x6 Pot,shaping,4,native,0.1,True,5000,0.0,0.05,0.035,0.021,
exp8_6x6_both,Exp8 6x6 Both,shaping,0,native,0.1,True,5000,0.0,0.03,0.005,0.0052,
exp8_6x6_both,Exp8 6x6 Both,shaping,1,native,0.1,True,5000,0.07,0.07,0.035,0.0302,
exp8_6x6_both,Exp8 6x6 Both,shaping,2,native,0.1,True,5000,0.04,0.04,0.015,0.0086,
exp8_6x6_both,Exp8 6x6 Both,shaping,3,native,0.1,True,5000,0.04,0.04,0.015,0.0092,
exp8_6x6_both,Exp8 6x6 Both,shaping,4,native,0.1,True,5000,0.01,0.02,0.005,0.0054,
